{
    "districtId": 1,
    "districtName": "Ciutat Vella",
    "neighborhoodCode": 1,
    "neighborhoodName": "el Raval",
    "incomeAvg": 30034.8095238095,
    "incomeScore": 30034.8095238095,
    "centerScore": 12013.9238095238,
    "digitalValue": 18387.936,
    "mobilityScore": 18387.936,
    "totalScore": 18387.936
  }